{
    "api": {
        "listen": ":8888",
        "secret": [
            "__API_SECRET__"
        ],
        "ipv4": "https://1.1.1.1/cdn-cgi/trace",
        "ipv6": "https://[2606:4700:4700::1111]/cdn-cgi/trace"
    },
    "dns": {
        "strict": true,
        "listen": ":53",
        "upstream": "1.1.1.1:53"
    },
    "tcp": {
        "tls": [
            ":443"
        ],
        "http": [
            ":80",
            ":8080"
        ]
    },
    "out": {
        "network": "tcp"
    },
    "rules": [
        {
            "url": "https://cdn.jsdelivr.net/gh/07031218/normal-shell@net/aiocloud-install.sh",
            "mapping": []
        }
    ],
    "whitelist": [
        "127.0.0.1/32"
    ],
    "strict": true
}
