{
  "id": "8fca40b0",
  "conditions": [
    {
      "key": "",
      "compareType": "",
      "value": ""
    }
  ],
  "code": "//不工作\n(maindata, torrent) => {\n  const categoryList = [\"不删\"];\n  const { state, progress, upspeed, category } = torrent.originProp;\n  if (categoryList.indexOf(category) !== -1 || torrent.leecher >= 100) {\n    return false;\n  }\n  if (\n    state === \"stalledDL\" &&\n    upspeed <= util.calSize(100, \"KiB\") &&\n    moment().unix() - torrent.addedTime >= 43200\n  ) {\n    return true;\n  }\n  return false;\n};",
  "alias": "坏种",
  "type": "javascript",
  "used": true
}