{
  "id": "1e562eaa",
  "conditions": [
    {
      "key": "title",
      "compareType": "contain",
      "value": "1080P,1080p"
    },
    {
      "key": "title",
      "compareType": "contain",
      "value": "264,AVC"
    },
    {
      "key": "subtitle",
      "compareType": "contain",
      "value": "特效"
    },
    {
      "key": "subtitle",
      "compareType": "contain",
      "value": "中文,中英,简繁,简英,简中,中字,双语,mUHD"
    },
    {
      "key": "title",
      "compareType": "notContain",
      "value": "Blu-ray,blu-ray"
    },
    {
      "key": "subtitle",
      "compareType": "notContain",
      "value": "原盤,原盘,版"
    }
  ],
  "code": "(torrent) => {\n  return false;\n}",
  "alias": "电影 1080p.264.特效",
  "priority": "87",
  "sortBy": "seeders",
  "sortType": "desc",
  "type": "normal"
}