{
  "id": "219afc9b",
  "conditions": [
    {
      "key": "title",
      "compareType": "contain",
      "value": "1080P,1080p"
    },
    {
      "key": "title",
      "compareType": "contain",
      "value": "265,HEVC"
    },
    {
      "key": "subtitle",
      "compareType": "contain",
      "value": "中文,中英,简繁,简英,简中,中字,双语,mUHD"
    },
    {
      "key": "subtitle",
      "compareType": "notContain",
      "value": "原盤,原盘,DIY,diy,Diy,版"
    }
  ],
  "code": "(torrent) => {\n  return false;\n}",
  "alias": "电影 1080p.265 排原盘",
  "priority": "46",
  "sortBy": "seeders",
  "sortType": "desc",
  "type": "normal",
  "used": true
}