{
  "id": "24e760e5",
  "conditions": [
    {
      "key": "title",
      "compareType": "contain",
      "value": "1080P,1080p"
    },
    {
      "key": "title",
      "compareType": "contain",
      "value": "265,HEVC"
    },
    {
      "key": "title",
      "compareType": "contain",
      "value": "BluRay,bluray,Blu-ray,blu-ray"
    },
    {
      "key": "title",
      "compareType": "contain",
      "value": "REMUX"
    },
    {
      "key": "subtitle",
      "compareType": "contain",
      "value": "特效"
    },
    {
      "key": "title",
      "compareType": "contain",
      "value": "中文,中英,简繁,简英,简中,中字,双语,mUHD"
    }
  ],
  "code": "(torrent) => {\n  return false;\n}",
  "alias": "电影 1080p.REMUX.265.特效",
  "priority": "92",
  "sortBy": "seeders",
  "sortType": "desc",
  "type": "normal"
}