{
  "id": "674e3e3e",
  "conditions": [
    {
      "key": "title",
      "compareType": "contain",
      "value": "4K,4k,2160P,2160p"
    },
    {
      "key": "subtitle",
      "compareType": "contain",
      "value": "特效"
    },
    {
      "key": "subtitle",
      "compareType": "contain",
      "value": "中文,中英,简繁,简英,简中,中字,双语,mUHD"
    },
    {
      "key": "title",
      "compareType": "contain",
      "value": "x265,X265"
    }
  ],
  "code": "(torrent) => {\n  return false;\n}",
  "alias": "电影 4K.x265.特效",
  "priority": "100",
  "sortBy": "seeders",
  "sortType": "desc",
  "type": "normal",
  "used": true
}