{
  "id": "9c35f6b0",
  "conditions": [
    {
      "key": "title",
      "compareType": "contain",
      "value": "4K,4k,2160P,2160p"
    },
    {
      "key": "title",
      "compareType": "contain",
      "value": "x264,X264"
    },
    {
      "key": "subtitle",
      "compareType": "contain",
      "value": "特效"
    },
    {
      "key": "subtitle",
      "compareType": "contain",
      "value": "中文,中英,简繁,简英,简中,中字,双语,mUHD"
    }
  ],
  "code": "(torrent) => {\n  return false;\n}",
  "alias": "电影 4K.x264.特效",
  "priority": "98",
  "sortBy": "seeders",
  "sortType": "desc",
  "type": "normal"
}