{
  "id": "c0d695c8",
  "conditions": [
    {
      "key": "title",
      "compareType": "contain",
      "value": "4K,4k,2160P,2160p"
    },
    {
      "key": "title",
      "compareType": "contain",
      "value": "265,HEVC"
    },
    {
      "key": "subtitle",
      "compareType": "contain",
      "value": "中文,中英,简繁,简英,简中,中字,双语,mUHD"
    },
    {
      "key": "title",
      "compareType": "contain",
      "value": "BluRay,bluray,Blu-ray,blu-ray"
    },
    {
      "key": "title",
      "compareType": "contain",
      "value": "REMUX"
    }
  ],
  "code": "(torrent) => {\n  return false;\n}",
  "alias": "电影 4K.REMUX.265",
  "priority": "56",
  "sortBy": "seeders",
  "sortType": "desc",
  "type": "normal"
}